Title,label,x,y,z,size
Software Sustainability: A Comprehensive Guide for a Resilient Digital Future,Software Sustainability,5.6600513,6.0355864,7.3977714,61
Sustainable Movement: Green Software Development,Green Software Development,5.026615,6.6017904,6.780056,6
Carbon-Aware Software Development,Green Cloud Computing,4.9978065,6.7787304,6.437021,27
"The Paradox of Progress: AI, Efficiency, and Sustainability",AI Energy Consumption,9.147356,7.1572833,5.003899,21
DarkSIDE of AI : Power Hungry process,AI Energy Consumption,9.124076,7.4444847,4.772866,21
"Green Software is Event Driven and Carbon Aware, with Kubernetes and KEDA",Green Cloud Computing,4.9073467,6.7606187,6.1649446,27
How edge computing can reduce your software's carbon footprint,Green Cloud Computing,4.9564266,6.4853864,6.3292317,27
"Carbon Aware Software: Three Demand Shaping Strategies, implemented in Kotlin",Carbon Footprint Management,4.9313064,5.8282003,6.1773376,8
3 steps towards a greener IT landscape,Green Software Development,5.0145044,6.6138263,6.7677884,6
Is it too late to fix the problem of AI clutter on the web?,AI Energy Consumption,9.221065,7.0683646,5.0282583,21
MEET A STEERING COMMITTEE MEMBER: DAN LEWIS-TOAKLEY OF THOUGHTWORKS,Software Sustainability,6.7121143,5.2763786,7.01379,61
"
MEET A STEERING COMMITTEE MEMBER: TORU SHIMOGAKI OF NTT DATA",Software Sustainability,6.501064,5.5431437,7.0485964,61
MEET GSF ORG LEADS: ZILIANG ZONG OF TEXAS STATE UNIVERSITY,Software Sustainability,6.577047,5.637268,7.1241903,61
MEET OUR STEERING COMMITTEE: GITHUB,Software Sustainability,6.5521398,5.7136445,7.0619287,61
MEET A STEERING COMMITTEE MEMBER: ELISE ZELECHOWSKI OF THOUGHTWORKS,Software Sustainability,6.721096,5.3054104,6.9638906,61
SUSTAINABILITY SUPERHEROES ‚Äì CIOS ARE PULLING ON THEIR GREEN CAPES,Green Cloud Computing,4.571878,6.288008,5.946359,27
Sustainable Tech Choices for Cloud,Green Cloud Computing,4.624401,6.6473546,5.9657593,27
Beyond Single-Dimensional Metrics for Digital Sustainability,Software Sustainability,6.1959076,5.9467835,7.251803,61
Actionable ways to make software greener,Software Sustainability,6.2154126,5.9616575,7.4174075,61
Is Your Site Unintentionally Polluting the Planet? Here's How to Quantify and Trim Its Carbon Footprint,Sustainable Web Design,7.6802235,6.525126,8.154095,32
"Digital Minimalism: Designing a Speedier, Greener Web",Sustainable Web Design,7.775741,6.987067,8.432118,32
Exploring Dual Licensing in Open Source Software: A Comprehensive Overview,Open Source Funding,13.051471,4.4521346,11.183085,46
Software Sustainability: A Path to Responsible Digital Evolution,Software Sustainability,5.631464,6.047401,7.396939,61
Supporting Open Source Projects: The Power of Donations,Open Source Funding,13.427805,3.9126592,10.492062,46
Open Source Project Sponsorship Schemes: Fueling Innovation and Sustainability,Open Source Funding,13.416982,3.9929264,10.48363,46
Supporting Open Source: The Importance of Developer Patronage,Open Source Funding,13.399674,3.94558,10.598205,46
Navigating the Complex World of Open Source Project Sponsorship,Open Source Funding,13.343129,3.9497747,10.430598,46
Navigating the Funding Maze: Open Source Software's Financial Challenges,Open Source Funding,13.175169,4.171571,10.403525,46
Sustaining the Backbone of Technology: Open Source Funding Platforms,Open Source Funding,13.392098,4.01179,10.552396,46
Navigating the Maze of Open Source Funding: Best Practices for Success,Open Source Funding,13.399564,4.148132,10.616282,46
"Covers Advancements in Solar, Wind, and Energy Storage Technologies",Renewable Energy Market,8.151677,12.022406,3.3072376,40
Why do we need to use Solar energy?,Renewable Energy Market,8.0036955,12.549915,3.2092047,40
"Renewable Energy Market to Hit USD 1,894.9 Billion by 2030, Growing at 9.4% CAGR",Renewable Energy Market,8.010434,12.143932,3.278072,40
Top 10 Renewable Energy Companies in the World,Renewable Energy Market,7.9180455,12.335888,3.2212057,40
Top Solar Companies in the USA,Renewable Energy Market,8.002388,12.546097,3.218271,40
[0/30] 30 days of Python learning,AI Energy Consumption,9.283952,6.6482706,5.218015,21
MEET A STEERING COMMITTEE MEMBER: YUSUKE KOBAYASHI OF NTT DATA,Software Sustainability,6.391981,5.8117976,7.2057295,61
From Bacolod to the Cloud: My Journey into Sustainable Tech in Negros Occidental üáµüá≠,Software Sustainability,6.656393,5.938619,7.166202,61
"My Take on ""Green Code"": More Than Just a Buzzword for 2025? üåçüíª",Software Sustainability,6.1488028,6.0357375,7.528785,61
Why Sustainability Matters in DevOps,Green Software Development,5.0403457,6.5970244,6.847483,6
Green IT: How Sustainable Technology Can Drive Business Value,Green Cloud Computing,4.7385426,6.8206687,6.1483316,27
Why I Decided to Offer a Free Version of My GreenOps Solution,Green Cloud Computing,4.582856,6.292469,5.9554067,27
Sustainability and Green IT Outsourcing,Software Sustainability,6.4428134,5.293363,6.81434,61
How Green IT and Resilient Infrastructure Are Shaping the Future of Tech,Green Cloud Computing,4.7219276,6.741781,6.134458,27
Greening software 101,Software Sustainability,6.184255,5.9707556,7.464547,61
Monitor the environmental impact of your EC2 instances with Cloud Scanner by Boavizta,Carbon Footprint Management,5.0470037,5.637438,6.152408,8
Building a Greener Cloud: The Role of an Architect for Sustainability in AWS,Green Cloud Computing,4.674504,6.495788,6.0414,27
Not so green Meta,Sustainable Web Design,7.689992,6.5065546,7.866377,32
You thought serverless was green? Here is how to really make it sustainable! üå±,Green Cloud Computing,4.8341784,6.486765,6.0712037,27
Monitor the CO2 emissions of your AWS application with Cloud Carbon Footprint üå±,Green Cloud Computing,4.8424335,6.1569405,6.13699,27
üåø Sustainable Web Design: How Developers Can Reduce the Environmental Impact of the Internet,Sustainable Web Design,7.761257,6.9698744,8.393041,32
Is Your Website Green? The Rise of Sustainable Web Development,Sustainable Web Design,7.759269,6.9954486,8.40872,32
‚ÄûFooled by the Website Carbon Calculator‚Äú ‚Äì Roberta Haseleu,Sustainable Web Design,7.3298535,6.4737177,8.0446615,32
Why My Blog Stopped Using Deploy Previews,Environmental Management,11.231285,4.507092,5.481694,69
üåø Green Coding & Sustainable AI Development,Software Sustainability,6.164962,6.028923,7.5208554,61
Sustainable Tech Isn‚Äôt Just a Buzzword‚ÄîIt‚Äôs the Future,Software Sustainability,7.1238694,5.9662313,6.5644083,61
üåç Green Coding and Eco-Friendly Data Centers: Tech‚Äôs New Mission to Save the Planet üå±,Software Sustainability,6.082691,6.108603,7.5713053,61
"Energy-Efficient Code: How to Write Code That Saves Energy, Lowers Costs, and Increases Performance",Early Earthquake Warning Systems,6.0282173,6.628715,5.897432,8
Sustainable Web Design: Building Environmentally-Friendly Websites for a Greener Future,Sustainable Web Design,7.789354,6.9677844,8.380938,32
Sustainable Technology: The Path to a Greener Future üå±üåç,Sustainable Business Strategies for a Changing Climate,5.6828933,4.4587502,6.1208596,16
Push the Green Button: Creating Event Gadgets with IoT and Serverless Architecture,Tech for Good,7.608691,5.479514,7.0935826,11
A Visual Guide To: Sustainability City (Minecraft),Software Sustainability,6.7925296,5.435039,6.8656125,61
A Visual Guide To: Sustainable Software Engineering,Software Sustainability,5.6497984,6.0510817,7.40665,61
Green Cloud Computing: How the Cloud Can Help Save the Planet,Green Cloud Computing,4.620695,6.8590403,6.08773,27
Tips for Implementing Sustainable Cloud Design,Green Cloud Computing,4.671566,6.8473253,6.1003637,27
"Cutting Costs, Carbon, and Chaos: Why Smart Fleets Are Turning to AI Before EVs",Energy Innovation and AI,8.961116,9.7499485,2.805891,20
Top 10 Strategies for Reducing Carbon Emissions in Your Daily Life,Sustainable Business Strategies for a Changing Climate,5.9817324,4.9153166,6.2204027,16
üåç Stop Timezone Chaos in Your Business App: A Laravel Developer‚Äôs Guide To Setup User TimeZone Based Carbon Usage,Date manipulation in Laravel using Carbon,11.696343,2.2489328,-0.33596817,12
Ways to Reduce Tech Infrastructure Carbon Footprint,Green Cloud Computing,4.6275635,6.959982,6.0983243,27
Share your success stories in Green Software,Software Sustainability,6.445433,5.742195,7.221486,61
Carbon Footprint Management Market: IT and Telecom Focus on Reducing Data Center Emissions,Carbon Footprint Management,4.8232045,5.407489,6.2637863,8
Solving Problems the Right Way: Leveraging Frameworks Over Quick Fixes,Date manipulation in Laravel using Carbon,11.643703,2.3026676,-0.28307274,12
Carbon Footprint Management Market: IT and Telecom Focus on Reducing Data Center Emissions,Carbon Footprint Management,4.8612857,5.456461,6.1989756,8
"Carbon Credit Validation, Verification, and Certification Market Sees Record Growth in 2024-2030",Software Sustainability,6.4768744,5.3044624,6.737775,61
The carbon footprint of email - Top facts and questions,Software Sustainability,6.329263,5.8230047,6.755105,61
Add a google maps on my reactjs resume,Environmental Management,12.67737,3.8944,5.188258,69
Understanding the Uses and Applications of Piperidine,Energy Boosters,6.9888573,5.0870695,5.121106,12
Carbon Credit Tokenization: Understanding the Basics and Benefits,Blockchain for Sustainability,4.7938547,4.8914104,6.629907,13
Using Blockchain to Manage Your Carbon Footprint: A Step Towards Sustainable Living,Blockchain for Sustainability,4.794873,4.8931394,6.624305,13
Date Parse Issue Due to Hidden Character,Date manipulation in Laravel using Carbon,11.542857,2.4090965,-0.16731183,12
Carbon Program to swap digits,Early Earthquake Warning Systems,6.1160703,6.413382,6.232237,8
What Is Sustainable Software Engineering?,Software Sustainability,6.146306,5.9031115,7.329035,61
How to Set Up Carbon Programming Language Manually on Ubuntu 22.04,Software Sustainability,6.571816,6.137003,7.6943383,61
SQUAKE CO2 API,Carbon Footprint Management,5.0104384,5.351633,5.97658,8
Carbon successor for c++,Software Sustainability,6.425978,6.0812044,7.601957,61
PHP Carbon Formatting that Readable for Humans,Date manipulation in Laravel using Carbon,11.65202,2.2944498,-0.2908757,12
Creating a Neat DateTime Helper Function in PHP,Date manipulation in Laravel using Carbon,11.710374,2.2350264,-0.35045263,12
Change Date Format Using Carbon In Laravel,Date manipulation in Laravel using Carbon,11.607268,2.3382561,-0.25051203,12
Carbon Add Minutes In Laravel Example,Date manipulation in Laravel using Carbon,11.650171,2.294567,-0.29561916,12
Carbon Add Hours In Laravel Example,Date manipulation in Laravel using Carbon,11.6754675,2.2687058,-0.3223448,12
Carbon Add Years To Date In Laravel,Date manipulation in Laravel using Carbon,11.663809,2.2833445,-0.29870108,12
Carbon Add Months To Date In Laravel,Date manipulation in Laravel using Carbon,11.661395,2.2838185,-0.30504134,12
Carbon Add Days To Date In Laravel,Date manipulation in Laravel using Carbon,11.691029,2.2527614,-0.3390924,12
What is Green Software?,Software Sustainability,6.2170815,5.929878,7.3441806,61
Is there an api/library in python for ray.so or carbon.now.sh?,Sustainable Web Design,7.073156,6.367484,7.9351325,32
Time consistencies between mobile app / front end / and back end,Date manipulation in Laravel using Carbon,11.693835,2.251533,-0.3331405,12
Create Code screenshots straight from your IDE,Environmental Management,10.705735,4.615729,5.423911,69
"Introducing Carbon component mapper for Data Driven Forms
",Environmental Management,10.506109,4.7155433,5.400935,69
Know more about carbon accounting in 2025,Carbon Footprint Management,5.214521,5.5437026,6.152835,8
Efficiency: AI-Powered Energy Consumption Analytics in Energy,Energy Innovation and AI,8.969854,9.801393,2.4969015,20
AI Solutions for Energy Utilities in AI in Energy Industry,Energy Innovation and AI,9.003713,9.918601,2.4596858,20
AI for Energy Fault Detection: Revolutionizing the Industry with Artificial Intelligence,Energy Innovation and AI,8.939399,9.964748,2.5053232,20
Artificial Intelligence for Energy Theft Detection in AI for Energy,Energy Innovation and AI,8.948661,9.891245,2.3917656,20
Preventing Industrial Accidents Through Data: How Predictive Maintenance is Transforming Energy Terminals,Energy Innovation and AI,9.164017,10.16576,2.8598185,20
From LPG to Hydrogen: Engineering Safe Transitions for the U.S. Clean Energy Future,Energy Innovation and AI,9.09895,10.081219,2.7662501,20
Shocking Truth: How Much Energy Does Your Air Purifier Really Use?,Energy Efficiency and Monitoring,9.421317,10.562416,3.3615162,19
Agentic AI: Powering the Future of Energy Innovation,Energy Innovation and AI,9.021564,9.923118,2.620045,20
What Is a Thermal Power Plant Explosion?,Energy Innovation and AI,9.141654,10.161919,2.8248913,20
What are the prices of solar panels in Pakistan in 2025?,Renewable Energy Market,8.00603,12.552154,3.2056367,40
Solar Unlimited Calabasas,Solar Energy Solutions,-5.8995695,1.3773583,4.0142007,6
Solar Unlimited Encino,Solar Energy Solutions,-5.8818245,1.3822598,4.018716,6
Solar Unlimited Sherman Oaks,Solar Energy Solutions,-5.9172583,1.3847084,4.0223765,6
Solar Unlimited Simi Valley,Solar Energy Solutions,-5.898622,1.3779304,4.014755,6
Go Solar This Summer & Cut Your Power Bills for Good!,Renewable Energy Market,8.06034,12.617614,3.259808,40
Solar Unlimited West Hills,Solar Energy Solutions,-5.8856997,1.3907723,4.0276,6
Outsourced Accounting & Planning | ControllerWorks,Energy Innovation and AI,9.194099,10.324366,2.956017,20
MBM LED Lights: Rooftop Solar Plant in Bhopal | Rooftop Solar Plant in Madhya Pradesh,Renewable Energy Market,8.049542,12.641471,3.2064779,40
Solar Unlimited,Solar Energy Solutions,-5.906629,1.3761979,4.013139,6
"Energy Trading and Risk Management Market Share, Growth Potential, and Industry Forecast (2025‚Äì2032)",Energy Efficiency and Monitoring,8.675683,10.972692,3.1795526,19
Cut Costs and Improve Efficiency: The Advantages of Energy Meter Monitoring,Energy Efficiency and Monitoring,9.007737,10.861039,3.3152742,19
Empowering the Energy Future: Copper Supply Success in a Solar Megaproject,Renewable Energy Market,7.936627,12.436261,3.2226307,40
Achieving Net-Zero Goals with Smart Building Technologies,Energy Efficiency and Monitoring,9.48821,10.447683,3.4445906,19
How to Naturally Boost Your Energy Without Caffeine,Energy Boosters,7.3608956,5.143609,4.9032288,12
How Much Energy Does ChatGPT Use Per Prompt? A Look at Its Hidden Environmental Costs,AI Energy Consumption,9.20489,7.3375983,4.8633914,21
What Are the Benefits of Using a Bill Monitoring System for Energy Savings?,Energy Efficiency and Monitoring,9.06992,10.795653,3.4211993,19
Arcee Orchestra‚Ää‚Äî‚ÄäBuild an Agentic Retrieval Workflow for the Energy Industry,Energy Innovation and AI,9.024191,10.068499,2.640485,20
Why software can be a deal-breaker for portfolio growth of property management companies?,Energy Efficiency and Monitoring,9.875274,10.110537,3.4284313,19
What is Net Metering and How Does It Work?,Renewable Energy Market,8.108016,12.622039,3.278709,40
Solid Oxide Fuel Cell (SOFC) Market: Forecasting a Thriving Future with Growth to $8.5 Billion by 2030,Renewable Energy Market,8.168017,12.158916,3.742824,40
Expanded literacy and the current state of software,AI Energy Consumption,9.166212,6.521649,5.468481,21
AI in Energy Management: Transforming the Future of Energy Efficiency,Energy Innovation and AI,9.066386,10.078443,2.8250709,20
Building Your Own Smart Meter: A DIY Guide,Energy Efficiency and Monitoring,9.075222,10.771016,3.492326,19
Solar Battery Generator Market to Develop New Trend and Growth Story,Renewable Energy Market,8.161938,12.211173,3.7180734,40
RENEWABLE ENERGY ZONES APPENDIX 3: AN IN-DEPTH LOOK,Renewable Energy Market,7.9997673,12.16895,3.2503197,40
CPEC Energy Projects In Pakistan: Impact And Future Prospects,Renewable Energy Market,7.925333,12.49918,3.1159005,40
Solar Energy for Your Home and Business,Renewable Energy Market,8.066007,12.666877,3.290006,40
Cordycep Gum Energizing and Invigorating with a Healthy Mouth Biome Boost,Energy Boosters,6.9428945,5.08642,5.149136,12
The Magic of Wireless Power Transmission Unleashing Teslas Vision,Renewable Energy Market,8.20794,11.713391,4.133049,40
Jacketed Liposome Extruder||Nanotechnology,Energy Boosters,6.89706,5.133882,5.195928,12
"Advancing Energy Efficiency with Kinto Power Electric Co., Ltd",Renewable Energy Market,8.079481,12.086145,3.3117647,40
Innovative Uses for Foldable Solar Panels in Outdoor Activities,Renewable Energy Market,8.115713,12.575325,3.391959,40
How to Choose the Right Wind Generator for Your Needs,Renewable Energy Market,8.122441,12.045095,3.2762506,40
Powering Progress: The Role of Wind Turbines in Clean Energy,Renewable Energy Market,8.123299,12.06299,3.2810044,40
The Best NAD Supplements for Boosting Your Energy and Staying Active,Energy Boosters,7.2010303,5.1208286,4.988408,12
Constant Micro Power Energy System,Energy Efficiency and Monitoring,8.852079,11.017903,3.3335466,19
Live Average Carbon Intensity rating with Octopus Home Mini in Home Assistant,Energy Efficiency and Monitoring,9.079611,10.796026,3.4967618,19
The Importance of Maintaining Energy Levels,Energy Boosters,7.3584056,5.1441917,4.902959,12
Distributed Energy Resource Management System Market Size,Energy Efficiency and Monitoring,8.82871,10.905179,3.1842914,19
Shaping the Future of Energy: Aluminum Air Batteries Market Trends,Renewable Energy Market,8.20457,12.094775,3.902836,40
Unleashing the Power of 48 Volt Solar Panels: A Gateway to Clean and Efficient Home Energy,Renewable Energy Market,8.16331,12.670275,3.3684444,40
Decoding Capacitor Trends: A Deep Dive into the High-Voltage Market,Renewable Energy Market,8.228768,12.117416,3.9235497,40
The Role Of Government Policies In Encouraging Businesses To Transition To Green Energy,Sustainable Business Strategies for a Changing Climate,5.7002206,4.521754,6.0765224,16
5G Technology and Lithium-ion Batteries: A Symbiotic Relationship,Renewable Energy Market,8.222027,11.699735,4.115567,40
Top Companies Reinventing the Energy Sector Via Blockchains,Blockchain for Sustainability,4.9501257,4.3963547,7.025155,13
Performative performance,Sustainable Web Design,7.891787,6.265661,7.840245,32
Sustainable Software Engineering for a greener digital world,Green Software Development,4.9839044,6.6018057,6.6864395,6
"Building cross platform desktop applications using JavaScript, HTML, and CSS in GO",Early Earthquake Warning Systems,5.913773,6.556148,6.3043385,8
[2023] High Growth of Supercapacitor in Energy Storage and Automotive Applications,Renewable Energy Market,8.256807,12.136804,3.8963501,40
Array clone and dup method in Ruby.,Workplace dynamics,10.148294,4.9371066,5.4844093,31
Hire Best Frontend Developer for Your Business Project,Workplace dynamics,9.152927,5.010282,6.1537895,31
The Productivity Hacks that‚Äôll Make You the Best Teen in the World,Energy Boosters,7.3828826,5.1494827,4.896898,12
Burnout and Motivation,Energy Boosters,7.459954,5.1580396,4.898659,12
Watching videos on 720p instead of 1080p cuts the energy consumption of your phone in half!,Sustainable Web Design,7.864316,7.1328216,8.250816,32
It's all about energy,Energy Boosters,7.3858705,5.1518226,4.8942657,12
Efficient Energy Management and Energy Saving with a BESS (Battery Energy Storage System),Renewable Energy Market,8.228271,12.01228,3.9668484,40
Avoid Wake locks in Android apps,Renewable Energy Market,8.303433,11.642129,4.096973,40
How Energy Initiatives Will Affect Our Lives and Our Gadgets,Renewable Energy Market,8.202301,11.706022,4.119911,40
HVAC Predictive Maintenance: Boost Efficiency and Reduce Downtime,Energy Efficiency and Monitoring,9.429746,10.518314,3.3180585,19
Boosting Solar Panel Efficiency with AI: Innovative Solutions,Energy Innovation and AI,9.023682,9.900464,2.4019432,20
Artificial Intelligence in Energy Efficiency: Revolutionizing Sustainable Power,Energy Innovation and AI,9.037014,9.835514,2.4396675,20
AI in Energy: Smart Innovation for a Sustainable Future,Energy Innovation and AI,8.976343,9.85049,2.4436736,20
Smart Grid Maintenance: Predictive Strategies for Optimal Performance,Energy Efficiency and Monitoring,9.353224,10.463459,3.212998,19
The Hidden Cost of Intelligence,AI Energy Consumption,9.138559,7.098086,5.058162,21
Best Tips to Get Your AC Ready for the Summer Heat,Energy Efficiency and Monitoring,9.438479,10.559866,3.3620071,19
Enfo.ai: Transforming Energy Management with an Advanced Energy Monitoring System ‚ö°üìä,Energy Efficiency and Monitoring,9.149053,10.655229,3.3550162,19
How to Use Building Automation Systems for Energy Efficiency,Energy Efficiency and Monitoring,9.340484,10.542956,3.4101706,19
The Electric Revolution Exploring the Science Behind Electric Cars,Renewable Energy Market,8.2334585,12.013616,3.965619,40
Harnessing the Power of Sustainable and Green IT Solutions,Green Cloud Computing,4.6729484,6.904732,6.106455,27
Climate-Smart Agriculture with AI: Boosting Efficiency and Sustainability,Sustainable Agriculture and Food Technology,8.412211,9.395842,3.1887956,9
AI's Potential in Food Security Initiatives for Sustainable Agriculture,Sustainable Agriculture and Food Technology,8.438393,9.420652,3.1996212,9
Artificial Intelligence for Grid Modernization in AI for Energy,Energy Innovation and AI,9.021969,9.929162,2.4656527,20
Artificial Intelligence in Sustainable Transportation Solutions,Energy Innovation and AI,8.923776,9.688122,2.7809048,20
How AI Revolutionizes Farm Management Software for Sustainable Agriculture,Sustainable Agriculture and Food Technology,8.438986,9.414779,3.1728156,9
Harnessing AI for Agricultural Sustainability,Sustainable Agriculture and Food Technology,8.44237,9.420268,3.1935449,9
AI-Driven Smart City Energy Solutions: Boosting Efficiency and Sustainability,Energy Innovation and AI,8.936223,9.679437,2.685011,20
How is IoT Used For Environmental Monitoring Purposes?,Smart City Innovations for Sustainable Resource Management,8.974305,9.841766,3.6803105,5
Will Embedded Systems Enhance Future Renewable Energy Management Systems?,Energy Efficiency and Monitoring,8.982837,10.894764,3.3310208,19
The Importance of Building Near Green Areas in Modern Urban Development,Sustainable Construction Technologies,10.386201,9.683362,3.379004,11
"Godrej Versova, Andheri ‚Äì Sustainable Urban Living for the Next-Gen Developer",Sustainable Construction Technologies,10.339794,9.729341,3.3618064,11
Why Asset Lifecycle Optimization Is the Key to Resilient Industrial Operations,Energy Innovation and AI,9.177518,10.056159,2.9053206,20
Why Developers Should Care About the Materials Around Them: A Look at Sodiceram in 2025,Workplace dynamics,10.2423935,5.276327,5.997231,31
How Japanese Wineries Are Embracing Sustainability Through Innovation üåøüç∑,Sustainable Agriculture and Food Technology,8.382507,9.367304,3.2525759,9
AI in the Vineyard: How Japanese Wine Producers Are Using Data to Grow Better Grapes üßêüçá,Sustainable Agriculture and Food Technology,8.497923,9.480679,3.2240784,9
Build Something You Can Eat: Raised Garden Beds for Devs,Workplace dynamics,9.6161375,5.076316,6.107569,31
Revolutionizing Foodservice: Trends and Innovations Driving $3.88 Trillion Growth,Sustainable Agriculture and Food Technology,8.4902525,9.4801,3.2540722,9
What is Sustainable Building Design in Saudi Arabia?,Sustainable Construction Technologies,10.549259,9.5931225,3.4323907,11
Advances in Wind Turbine Technology for Cleaner Energy,Renewable Energy Market,8.15917,12.001182,3.2837558,40
Biodegradable Electronics: When Tech Learns to Say Goodbye,Software Sustainability,7.3300524,6.402358,6.385157,61
üåç Supercharging Sustainable Growth: How Cloud Technology Is Powering Industry Transformation,Green Cloud Computing,4.6089582,6.426755,6.0058045,27
Understanding Lithium-Ion Batteries: A Beginner's Guide for Developers and Engineers,Renewable Energy Market,8.25637,11.758956,4.0605316,40
Unveiling the Expat License: A Comprehensive Exploration into Open Source Fairness and Sustainability,Open Source Funding,13.047613,4.4561124,11.183649,46
"Advancements in Software Engineering: Safety, Sustainability, and AI Integration in Contemporary Research",AI Energy Consumption,9.185511,6.9964056,5.091147,21
Open Source Sustainability Initiatives at Deutsche Telekom: Integrating Innovation and Sustainability,Open Source Funding,13.28034,4.429965,10.593032,46
Navigating SAP Software Licensing for Sustainability: A Comprehensive Guide,Software Sustainability,5.6149635,6.03861,7.396013,61
Siemens: Embracing Blockchain for a Sustainable Future,Blockchain for Sustainability,4.9589887,4.3766365,7.043551,13
Open Source Project Financial Planning: A Key to Sustainability,Open Source Funding,13.31719,4.4656243,10.954396,46
Empowering Community-Driven Projects: The Power of Open Source Funding Workshops,Open Source Funding,13.399799,4.170123,10.575372,46
Organic and Evolving: UK Health Sector Embraces Sustainability‚Äôs Next Wave,Energy Boosters,6.530087,4.972612,5.3837833,12
Open Source Developer Fundraising: Importance and Methods ‚Äì A Deep Dive,Open Source Funding,13.308212,3.7101538,10.669819,46
Financial Planning and Sustainability for Open Source Developers: Navigating Financial Independence,Open Source Funding,13.07789,4.4740524,11.137752,46
"Infineon Technologies: Pioneering Security, Sustainability, and Open Innovation",Software Sustainability,7.392846,6.5263777,6.3718925,61
The role of Computer Science in Sustainable living,Sustainable Agriculture and Food Technology,8.6153345,9.554601,3.1783748,9
Blockchain Energy Consumption: Navigating the Double-Edged Sword,Blockchain for Sustainability,4.9582057,4.392011,6.997887,13
Blockchain Revolutionizing the Fashion Industry: A Seamless Fusion of Innovation and Style,Blockchain for Sustainability,5.0587974,4.275022,6.9621,13
Wedidit.in: A Global Movement for a Better Tomorrow üåü,Software Sustainability,7.0646057,5.331434,6.9733944,61
‚ÄúWhere Tech Meets Planet: A Quickstart Glossary for Climate Tech - Curious‚Äù,Software Sustainability,6.6021442,5.5971327,6.8063602,61
Financial Planning and Sustainability for Open Source Developers: Navigating Financial Independence,Open Source Funding,13.102425,4.496995,11.160294,46
License-Token: A New Paradigm for OSS Sustainability,Open Source Funding,13.011245,4.51122,11.193001,46
Fair Code: A Balanced Approach to Open Source and Beyond,Open Source Funding,13.07771,4.4083643,11.151753,46
The Power of Donations in the Open Source Ecosystem,Open Source Funding,13.277005,3.946781,10.791368,46
Open Source Funding Challenges: Navigating the Path to Sustainability,Open Source Funding,13.244478,4.3468294,10.543002,46
"üîç The AI Bill No One Talks About: Compute, Storage & Energy (And How to Avoid Going Bankrupt) üí∞‚ö°",AI Energy Consumption,9.128457,7.131294,5.024771,21
Building Transparent Supply Chains with Blockchain: A Developer's Guide to DPPs,Blockchain for Sustainability,5.041938,4.3095083,6.984603,13
Navigating SAP Software Licensing for Sustainability: A Comprehensive Guide,Software Sustainability,5.6387663,6.016661,7.4111876,61
In Defense of Boring Technology,Workplace dynamics,9.218447,5.4736695,5.90554,31
Rebalancing the Open Source Economy,Open Source Funding,13.149743,4.1576853,10.303782,46
How to Calculate Your Carbon Emission and Achieve Net Zero Goal,Carbon Footprint Management,5.068044,5.527273,6.155314,8
Seven Nations Leading the Renewable Electricity Revolution,Renewable Energy Market,7.8641663,12.391694,3.1235762,40
AI Urban Planning,Energy Innovation and AI,8.922125,9.6717415,2.7493486,20
Open Source Sustainability Initiatives at Deutsche Telekom: Pioneering a Greener Future,Open Source Funding,13.256663,4.4865584,10.572506,46
Rarible‚Äôs Open Source Sustainability: A New Era for Decentralized Innovation,Open Source Funding,13.038616,4.491466,11.167185,46
Open Source Hardware and Sustainability: Pioneering a Greener Future,Software Sustainability,7.3773513,6.5072846,6.3612647,61
Understanding Financial Metrics: A Gateway to Open Source Sustainability,Open Source Funding,13.40819,4.4370584,10.847759,46
Sustaining Open Source: The Role of Financial Backing,Open Source Funding,13.348403,4.1995826,10.792085,46
The Power of Sponsorship in Open Source Projects,Open Source Funding,13.377308,3.9257493,10.476446,46
Open Source Developer Fundraising: A Vital Component for Sustainability,Open Source Funding,13.294944,3.6619685,10.665689,46
Navigating Open Source Funding Opportunities,Open Source Funding,13.363398,4.1181855,10.652718,46
Open Source Developer Crowdfunding: A New Era of Sustainability,Open Source Funding,13.318488,3.5952868,10.593823,46
Navigating the Funding Maze for Open Source Developers,Open Source Funding,13.330366,4.223062,10.617388,46
Navigating the Open Source Funding Landscape,Open Source Funding,13.349078,4.1262693,10.641526,46
Navigating Financial Challenges in Open Source Projects,Open Source Funding,13.342536,4.2977557,10.745636,46
Financial Planning for Open Source Projects: Ensuring Longevity and Impact,Open Source Funding,13.367979,4.4176807,10.893937,46
Funding Open Source Software: Ensuring Sustainability in the Digital Age,Open Source Funding,13.238209,4.115685,10.757875,46
Sustainability in Web Development ‚Äì Your Input Needed! üåçüíª,Sustainable Web Design,7.768923,6.1912346,8.309317,32
Blockchain and Renewable Energy: A Sustainable Convergence,Blockchain for Sustainability,4.9620914,4.359919,7.064808,13
Can Coding Teach Children Sustainability and Good Values?,Software Sustainability,6.6299176,5.5840516,7.1444907,61
Ethical Funding Methods: Paving the Way for Responsible Financing,ESG Reporting and Disclosure,1.9510655,2.1022265,4.74716,18
Achieving Financial Independence for Open Source Projects,Open Source Funding,13.3947,4.243005,10.768716,46
Ensuring the Future of Open Source: The Importance of Funding,Open Source Funding,13.16252,4.13767,10.7727995,46
"Quality, Innovation, and Sustainability as Strategic Decisions for the New Year 2025.",Sustainable Business Strategies for a Changing Climate,5.65705,4.4187117,6.2158,16
Embracing Sustainability: How myHerb is Leading the Way,Energy Boosters,6.6215253,5.027083,5.3838263,12
Open Source Developer Crowdfunding: A New Era of Innovation and Sustainability,Open Source Funding,13.382134,3.6943994,10.645236,46
Types of Renewable Energy: A Comprehensive Guide,Renewable Energy Market,7.9947762,12.219053,3.2396855,40
Sustainable Software Practices in 2025: Going Beyond Green Hosting,Green Software Development,5.0263977,6.616931,6.7981668,6
A Survey of Serverless Sustainability Trends,Green Cloud Computing,4.7438693,6.571085,6.020701,27
Green Building Certification for Enhanced Water Efficiency,Sustainable Construction Technologies,10.579432,9.563999,3.3991592,11
What to do with a Surface Duo in 2025,Software Sustainability,7.5093255,6.369633,6.4537163,61
How Green Building Certification Promotes Environmental Responsibility,Sustainable Construction Technologies,10.560739,9.582235,3.4296377,11
Sustainability in the Digital Age: How Video Conferencing Can Reduce Our Carbon Footprint,Green Cloud Computing,4.8320365,6.8091884,6.251324,27
ESG Screening: Capitalizing on the Shift to Sustainable Investing,ESG Reporting and Disclosure,1.7976396,1.9673464,4.8712497,18
Revolutionizing Living Spaces: The Latest in Smart Home & IoT Innovations,Energy Efficiency and Monitoring,9.226044,10.473393,3.4351747,19
ESG Reporting software in uae,ESG Reporting and Disclosure,2.3274624,2.321116,4.3619146,18
A not useless guide to sustainable websites,Sustainable Web Design,7.7431507,7.035537,8.437741,32
ESG Reporting software in uae,ESG Reporting and Disclosure,2.3188045,2.317847,4.3698907,18
The Top 10 Tech Trends in 2024 Everyone Should Be Ready For,AI Energy Consumption,8.87378,7.049128,5.253406,21
Sustainable Business Development with Low-Code Automation,Sustainable Business Strategies for a Changing Climate,5.5779295,4.4843426,6.394017,16
ESG Reporting software in uae,ESG Reporting and Disclosure,2.3275268,2.3251185,4.360018,18
ESG Screening: A Dynamic Tool for Modern Sustainable Investing,ESG Reporting and Disclosure,1.7709885,1.9544185,4.8842745,18
Harnessing the Power of Gravity: Introducing Gravity Energy Storage!,Renewable Energy Market,8.145016,12.103433,3.8556023,40
How UNGC Screening Enhances Your Investment Strategy,ESG Reporting and Disclosure,1.8482993,2.0098445,4.83104,18
Exploring Gravity Energy Storage: The Future of Sustainable Power,Renewable Energy Market,8.146308,12.0972805,3.8598928,40
Powering Towards a Sustainable Future!,Renewable Energy Market,8.21199,12.04371,3.9555368,40
Understanding the Importance of ESG Impact Ratings,ESG Reporting and Disclosure,1.9270916,2.0850122,4.7626004,18
Exciting Announcement!,Renewable Energy Market,8.144825,12.060192,3.885645,40
The Triple Bottom Line - A Blueprint for Sustainable Business Success,Sustainable Business Strategies for a Changing Climate,5.721427,4.4782534,6.0779185,16
Crafting a Balanced Governance Strategy for a Growing Fintech Startup,ESG Reporting and Disclosure,2.0664518,2.1087477,4.737817,18
Cane India,Sustainable Business Strategies for a Changing Climate,5.6985908,4.339709,6.2483644,16
Artificial Intelligence and Sustainability,AI Energy Consumption,9.221651,7.0139756,5.02101,21
Unlocking the Power of ESG Data & Solutions,ESG Reporting and Disclosure,2.0887108,2.2203093,4.6237636,18
Transforming Investment Strategies with Comprehensive ESG Insights,ESG Reporting and Disclosure,1.9548639,2.0937157,4.755567,18
How Modern Data Centers Are Incorporating Sustainability Practices,Green Cloud Computing,4.607703,7.005381,6.0895023,27
Harnessing the Power of Climate Data Research for Sustainable Development,Sustainable Business Strategies for a Changing Climate,5.752344,5.5701632,6.1152616,16
Can New Regulations Solve Greenwashing Concerns in Sustainable Finance?,ESG Reporting and Disclosure,1.9390358,2.1335325,4.7154326,18
The Rise of Sustainable and Ethical Marketing in the Digital Age,Sustainable Business Strategies for a Changing Climate,5.7517314,4.476708,6.070912,16
ESG Screening Solutions - Enhancing Investment Strategies Through Sustainability,ESG Reporting and Disclosure,1.8161201,1.9796228,4.8598,18
The Essential Role of Proxy Voting Services in ESG Investing,ESG Reporting and Disclosure,2.0612512,2.2709098,4.5815315,18
Harnessing the Power of Biodiversity Data for a Sustainable Future,Sustainable Business Strategies for a Changing Climate,5.722398,4.8908296,6.009237,16
Empowering Change Through Effective Engagement Services,ESG Reporting and Disclosure,2.0249913,2.2325406,4.6238933,18
Benefits of Rewarding Issues with Opire.,Open Source Funding,13.315302,3.532523,10.563007,46
Navigating the Sustainable Finance Disclosure Regulation (SFDR) with Comprehensive Data Solutions,ESG Reporting and Disclosure,1.9603704,2.099293,4.74965,18
Building a Sustainable Web: a practical exploration of Open Source tools and strategies,Sustainable Web Design,7.73039,6.249788,8.293846,32
Crafting a Long-term Sustainable Business: Your 2024 Continuity Checklist,Sustainable Business Strategies for a Changing Climate,5.680133,4.5111785,6.0793037,16
The Role of Technology in Enhancing Construction Site Sustainability,Sustainable Construction Technologies,10.578666,9.570138,3.454328,11
Exploring Space-Based Bioreactors The Future of Sustainable Space Missions,Energy Boosters,6.708334,5.2157326,5.4612837,12
The Benefits of Modular Construction in Modern Building Projects,Sustainable Construction Technologies,10.567321,9.5833,3.4394464,11
Rics Notebook Blog Review,Software Sustainability,8.620981,6.985237,5.394728,61
How to Integrate Sustainable Practices into Construction Projects with Technology,Sustainable Construction Technologies,10.582537,9.56905,3.4468772,11
How to Implement Sustainable Building Practices with Technology,Sustainable Construction Technologies,10.5637665,9.591079,3.4489708,11
How Construction Technology is Helping to Achieve Zero Waste Goals,Sustainable Construction Technologies,10.587008,9.559667,3.460969,11
Harnessing Nikola Teslas Legacy The Path to Secure Energy and Wireless Power Transmission,Renewable Energy Market,8.207424,11.721535,4.122827,40
A REAL Front-End challenge for Earth Day.,Sustainable Web Design,7.6917405,6.593789,8.213063,32
Reducing Carbon Footprint through Web Vitals Optimisation,Sustainable Web Design,7.605999,6.5077934,8.15173,32
Cost transparency extension for Shopware 6,Sustainable Web Design,7.8524427,6.9535275,8.362853,32
Featured Org of the Month: Green Software Foundation,Software Sustainability,6.403965,5.8004456,7.238098,61
Being Sustainable on the Power Platform,Early Earthquake Warning Systems,6.1183634,6.4848366,5.949761,8
Sustainable Software,Software Sustainability,5.793317,5.8972454,7.3757696,61
Going Green with Paper Egg Cartons: Easy Steps for a Greener Tomorrow,Software Sustainability,6.8647575,5.5573125,6.557202,61
How To Measure Environmental Sustainability In Software Development,Early Earthquake Warning Systems,6.1022573,6.3724856,6.0766416,8
Giving my old Chromebook a second life with Fedora,Sustainable Web Design,7.923153,6.3996315,7.413122,32
The Questions Every CEO Needs To Ask About Sustainability,Sustainable Business Strategies for a Changing Climate,5.7265644,4.4745417,6.0802393,16
Responsive design and cross-device testing,Sustainable Web Design,7.9082894,6.460653,7.7334404,32
What to do with a Surface Duo in 2024,Software Sustainability,7.46157,6.3781877,6.449238,61
Sustainability on AWS,Green Cloud Computing,5.126153,6.715095,5.7989345,27
UX and Sustainable Web,Sustainable Web Design,7.712968,6.468563,8.181188,32
Significant benefits of ESG reporting software to entities,ESG Reporting and Disclosure,2.3139298,2.3156674,4.373878,18
Creating an Earth Engine Cloud Project,Green Cloud Computing,4.8224216,6.296585,6.1338825,27
TIS - Tourism Innovation Summit,Tech for Good,7.483297,5.4974046,7.175944,11
The Sustainable Developer: How to Reduce Your Carbon Footprint in the Tech Industry,Green Software Development,5.0811744,6.658605,6.8060412,6
Join the EV Revolution in Developing Nations with eTukTuk and Crypto Investors,Blockchain for Sustainability,4.9820824,4.357971,7.0926785,13
Biodiversity Risk is a Business Risk: Protecting Nature for Long-term Success,Sustainable Business Strategies for a Changing Climate,5.72164,4.8111897,6.002574,16
The intersectionality of web performance,Sustainable Web Design,7.8976636,6.3604903,7.802857,32
Unlocking Cost Savings and Sustainability with AWS S3 and Synology Hyper Backup,Green Cloud Computing,4.5829225,6.739723,6.02996,27
Design Thinking,Sustainable Business Strategies for a Changing Climate,5.6815443,4.3686223,6.167877,16
Exploring the Future of Urban Living: The Rise of Smart Cities,Smart City Innovations for Sustainable Resource Management,9.002412,9.751886,3.427827,5
Climate-friendly software: don't fight the wrong battle,Software Sustainability,6.1977487,5.938129,7.2765927,61
The Essential Art of Sustainable Software Architecture,Green Cloud Computing,4.817904,6.50106,6.183211,27
Sharing a Printer in a WiFi Network,Software Sustainability,7.3505893,6.2968755,6.579455,61
What if I didn't take that all-expenses paid company trip?,Software Sustainability,6.210944,5.7595205,6.6050587,61
Open source and social systems,Open Source Funding,13.254393,4.060862,10.298976,46
Learn GraphQL and Apollo Client With a Simple React Project,Workplace dynamics,9.64852,5.023919,5.852193,31
Filters in Rails with Query Object Pattern,Early Earthquake Warning Systems,6.0657525,6.652169,5.865685,8
Plant Water Management System w/ BME280,Energy Efficiency and Monitoring,8.946128,10.6053295,3.7279203,19
"Carbon Accounting Software Basics: Benefits, Features, and the Reasons to Use",Carbon Footprint Management,5.0977798,5.5579333,6.1427794,8
XRPL Grants Wave 4: Meet the New Judging Committee,Software Sustainability,6.5319357,5.079382,6.9996285,61
IBM zDay 2022 Recap: Speaking at zDay for The First Time | Optimizing Sustainability with LinuxOne,Green Cloud Computing,4.513,7.2036014,6.047314,27
How many emissions in a gigabyte of data?,Software Sustainability,6.177117,5.7197547,6.4698105,61
Calling All Sustainability Projects,Software Sustainability,6.541348,5.1000133,6.9950576,61
Finch: extension that lets people shop more sustainably,Sustainable Business Strategies for a Changing Climate,5.185926,4.966859,5.9474955,16
2. Green Mode Design: Implementation Strategies,Sustainable Web Design,7.6437287,6.2098584,8.202583,32
That one AWS Lambda hidden configuration that will make you a Hero - Guardian is watching over you,Green Cloud Computing,5.1662893,6.6975236,5.8486686,27
Selecting a sustainable hosting provider (AWS vs MS Azure vs Google Cloud),Green Cloud Computing,4.6605983,6.7017074,5.9713078,27
1. Green Mode Design Through Graceful Degradation,Sustainable Web Design,7.638797,6.2158227,8.214715,32
A starter kit for building climate friendly software,Software Sustainability,6.7607636,5.607274,6.9045568,61
IoT and Sustainability: The Needed Solution for a Greener Planet,Smart City Innovations for Sustainable Resource Management,8.970593,9.841333,3.6785257,5
June contributing.today: on supporting open source projects with monies,Tech for Good,7.9544992,5.257541,6.8607345,11
Greenchains: Can Blockchains Save the Environment?,Blockchain for Sustainability,4.899378,4.6416006,6.825567,13
Optimize your workloads for Sustainability,Green Cloud Computing,4.756966,6.493456,6.0724773,27
How Big is the Internet‚Äôs Carbon Footprint?,Software Sustainability,6.3289294,5.797688,6.7910576,61
Web Video && Network Speed Detection in JavaScript vs. UX,Sustainable Web Design,7.914281,6.4838543,7.8751187,32
Sustaining Community,Open Source Funding,13.304988,3.6437757,10.488371,46
Sustainability Transformation and DevSusOps,Sustainable Business Strategies for a Changing Climate,5.6574183,4.519958,6.025246,16
"Low-Waste Tech: Reduce, Reuse, Repair and Donate!",Software Sustainability,7.4022684,6.2997904,6.5108156,61
Making Sustainable Websites,Sustainable Web Design,7.804439,6.873382,8.288622,32
"On the psychology and dynamics of OSS: passion, burnout and (im)balance",Open Source Funding,13.247944,4.2340097,10.7914715,46
When Plans don't Last,Workplace dynamics,9.67706,5.0635343,5.8129463,31
Accidental Leadership in Open Source,Tech for Good,7.9651494,5.276223,6.863257,11
Our Responsibility for Sustainable Digital Services,Sustainable Web Design,7.643265,6.303294,8.215898,32
The Ins and Outs of Sustainability Measurement and Reporting in 2020,Software Sustainability,6.5374684,5.379879,6.6846385,61
free software actually costs something,Open Source Funding,13.260923,4.2289395,10.791753,46
Open source sustainability is a üåé debate,Open Source Funding,13.137248,4.1679454,10.283355,46
Unlock more dev.to features ,Open Source Funding,13.285682,3.4919217,10.487402,46
What do you think of Open Source Sustainability?,Open Source Funding,13.123836,4.1993046,10.829829,46
ESG Sustainability,ESG Reporting and Disclosure,2.0575402,2.2045107,4.6683283,18
The Modern UAT Environment Playbook,Workplace dynamics,9.420738,5.448108,5.511323,31
Kingcomix: The Ultimate Guide to Exploring Digital Comics Online,Sustainable Web Design,7.826518,6.5386205,7.844857,32
Simplify your environment variable management,Environmental Management,12.200667,4.078884,4.932966,69
Setup Remote Dev Environment (memo),Environmental Management,11.187335,4.5231924,5.5648856,69
üåü WeDidIt Foundation: Inspiring Change Through Volunteerism,Software Sustainability,6.9293633,5.309768,6.9217963,61
Difference Between reverse and reverse_lazy and how to use it with get_absolute_url,Python Virtual Environments,10.840565,2.5700855,4.4171906,15
My Dev Environment 2025,Environmental Management,11.225515,4.595956,5.625881,69
Understanding and Fixing the Externally-Managed-Environment Error,Python Virtual Environments,10.677312,2.4345257,4.457503,15
Optimizing Environmental Resource Management with IoT and AI Integration,Smart City Innovations for Sustainable Resource Management,8.940797,9.813591,3.6276987,5
The 3 Rules that 10x my Productivity (1 min read),Environmental Management,11.179883,4.6710873,5.758548,69
Env-Core: An Easy Way to Validate Environment Variables in Node.js Projects,Environmental Management,12.628233,3.9965672,4.9640985,69
Handling Environment Variables in Vite,Environmental Management,12.45482,4.217007,5.013771,69
PDF Scan File Size: What To Do About It.,Software Sustainability,7.057912,6.180538,6.5156364,61
"Anaconda Installation and Virtual Environments: A Comprehensive Guide for Windows, Linux, and macOS",Python Virtual Environments,10.551201,2.4618855,4.578295,15
A greener planet with tech,Sustainable Web Design,7.7630916,6.188306,8.274278,32
Setting Up a Development Environment Using Laravel Sail (Docker),Environmental Management,11.06559,4.310441,5.091244,69
Daniel Siegel Alonso Suggests Sustainable Practices for the Music Industry,Software Sustainability,6.7907944,5.630716,6.4660563,61
@Environment variables,Environmental Management,12.300672,4.138008,4.825508,69
Ongoing Carbon Emission Reduction Efforts Beneficial to Global Blue Ammonia Market Growth,Renewable Energy Market,8.034999,12.012929,3.2533562,40
Parsing structured environment variables in Rust,Environmental Management,12.223291,4.012254,4.911349,69
Sustainable Practices in Sports Turf Manufacturing: Reducing Environmental Footprint,Sustainable Construction Technologies,10.634667,9.495832,3.5267913,11
Adding Environment Variables to Your Webpack Project,Environmental Management,12.586801,4.0906696,5.0429406,69
PHP on Manjaro with ASDF,Environmental Management,11.08916,4.243211,4.993488,69
Harnessing Solar Power: The Key to Environmental Protection,Renewable Energy Market,8.053382,12.587241,3.282538,40
Navigating Challenges in Scaling Your Engineering Team: Strategies for Success,Workplace dynamics,9.427158,5.415966,5.512447,31
Dotenv: Python app environment variable vs. Linux environment variable,Python Virtual Environments,10.891499,2.5613549,4.391175,15
Uncaught ReferenceError: process is not defined,Environmental Management,12.493003,3.868443,4.8705287,69
How to Get Environment Specific Configuration at Runtime in Angular,Environmental Management,12.562521,4.1073213,4.8396506,69
How cryptocurrency destroys environment,Blockchain for Sustainability,4.7862015,4.8411684,6.668566,13
Python Virtual Environments,Python Virtual Environments,10.581803,2.4695468,4.5501747,15
Setting up an Alias for a Directory in Apache2 Server,Environmental Management,11.699077,4.232986,5.3145285,69
PyEnv & Poetry - BFFs üíñ,Python Virtual Environments,10.583515,2.4658077,4.541829,15
2023 Mac Setup for Web Development (Part 01),Environmental Management,11.402576,4.48956,5.566767,69
How to Create Your Own Decentralized Exchange (DEX) in Solidity & HardHat,Open Source Funding,12.982591,4.530192,11.206528,46
"Make the Web Greener, Luxury Edition",Sustainable Web Design,7.779938,6.7665596,8.201226,32
Configure a custom env on Azure ML,Environmental Management,11.302866,4.252201,5.201745,69
How to save Environment Variables in Python virtual env,Python Virtual Environments,10.7583885,2.486862,4.453237,15
Living in the Shell #24; chmod (Modify file/directory permissions),Environmental Management,11.887243,4.2671323,5.386798,69
Easy use of multiple environment variables - Cypress 10+ edition,Environmental Management,12.561939,4.0184426,4.89401,69
Dark to Midnight Mode,Sustainable Web Design,7.6352997,6.2030387,8.211023,32
Helping the Environment by Saving Two Centuries of Compute time,Early Earthquake Warning Systems,6.1123886,6.390735,6.274698,8
How do you handle toxic environment at your work?,Workplace dynamics,9.667497,5.3637404,5.467007,31
Living with a low profile,Workplace dynamics,9.678805,5.308142,5.5255375,31
Conda tip from a `requirements.txt` type of person,Environmental Management,11.642161,4.2045894,5.261532,69
What companies should care about when it comes to employees,Workplace dynamics,9.741135,5.2916455,5.5515847,31
Github Actions: set-variables,Environmental Management,12.239643,4.109969,4.772367,69
Recursive replace input value with process environment values in console,Environmental Management,12.429092,4.143683,4.873555,69
Green website design,Sustainable Web Design,7.7439265,7.034754,8.437378,32
Handling Passwords and Secret Keys using Environment Variables,Python Virtual Environments,10.883238,2.55346,4.3910336,15
MacOS Environment Setup Guide - Developer Edition,Environmental Management,11.400042,4.4530725,5.5005774,69
The initial setup on a fresh OS,Environmental Management,11.361728,4.510232,5.595538,69
Link an OpenShift K8s Context to a local ENT CLI profile,Environmental Management,11.589847,4.281905,5.378713,69
4 tips to supercharge your Git experience,Environmental Management,11.776793,4.239595,5.309632,69
How to Make Greatness Easier to Achieve,Workplace dynamics,9.574152,5.4136977,5.5940886,31
Setting up a VS Code Dev Container - minikube,Environmental Management,11.03154,4.395219,5.238902,69
django-environ with Lists Environment Varibles in .env Files,Python Virtual Environments,10.826,2.5257084,4.41241,15
Bitcoin energy consumption is bad but this is not the question,Blockchain for Sustainability,4.8023906,4.581245,6.877167,13
Managing multiple environments in NestJS,Environmental Management,12.535942,3.8695614,4.9544277,69
"Frontend Environment Variables ‚Äì What, Why and How",Environmental Management,12.493408,4.1909103,4.9534006,69
Configuring Github on your Dev Environment Part One,Environmental Management,11.687334,4.2235885,5.3063636,69
How to make Systemd have access to environment variables,Environmental Management,12.108657,4.1003375,4.9959726,69
Make your own path,Workplace dynamics,9.678616,5.2182593,5.6450987,31
Dealing with Environment Variables in Flask,AI Energy Consumption,9.263538,6.6869693,5.2054877,21
Testing Environment variable in pytest,Environmental Management,12.045177,3.937673,4.92041,69
What is your inverse bus factor?,Workplace dynamics,9.608899,5.329993,5.4890184,31
"react-native rnfirebase Firebase GoogleService-Info.plist with different build schemes, environment",Environmental Management,12.659567,3.8432472,5.2501745,69
Inject Properties from Properties File using Spring Environment,Environmental Management,12.219194,4.058074,4.8438787,69
üß™ Github Actions for Dart package with Environment variables üß™,Environmental Management,12.111763,3.9846234,5.0013723,69
Battleforte Game Update: Special Tree for Backers/Supporters,Workplace dynamics,9.55844,5.571999,5.805304,31
Envrionment in .NET Core,Environmental Management,12.555822,4.1774945,4.974421,69
Top 5 Influencers That Are Environmental Activists,Software Sustainability,6.6751585,5.412254,6.4395523,61
Proposition of manifesto for green software development,Software Sustainability,6.651644,5.975418,7.152331,61
Setting up a VS Code Dev Container,Environmental Management,11.084371,4.4047337,5.2333503,69
"Offsetting our carbon emissions, one space shuttle at a time",Software Sustainability,6.1333423,5.6503787,6.4019156,61
How to get environment variables from a running process in Linux,Environmental Management,11.904534,4.2410226,5.1362143,69
Manage environment variables with decouple in Python,Python Virtual Environments,10.655123,2.445469,4.4922256,15
bash script - Check if environment variable was set.,Environmental Management,12.02092,4.3997617,5.272758,69
My Common Lisp config in January 2021,Environmental Management,10.22773,4.947301,5.4763355,69
Bitcoin and Social Standards,Blockchain for Sustainability,4.9197187,4.624864,6.8551617,13
5 things I wish I knew before adding a variable in .env,Environmental Management,12.09247,4.234403,5.1917195,69
React native environment Setup,Environmental Management,12.664834,3.8809607,5.27956,69
SetUp Python virtual environment,Python Virtual Environments,10.668127,2.456438,4.484266,15
Installing Java on MacOS using Homebrew and JEnv,Environmental Management,11.608639,4.3610735,5.4333863,69
Forget XAMPP! Create a dev environment | Part 2 | Install composer,Environmental Management,11.083885,4.2567544,5.014015,69
Forget XAMPP! Create a dev environment | Part 1 | Install PHP,Environmental Management,11.112226,4.246455,5.015644,69
"Using Environment Variables in NodeJS, and why we want to use them.",Environmental Management,12.519758,4.2971807,4.9570107,69
Setting up Windows for development,Environmental Management,11.15238,4.7154584,5.8272834,69
Introducing The sustainable.dev,Sustainable Web Design,7.7776346,6.1879916,8.338376,32
rusty start...,Workplace dynamics,9.787144,5.0207024,5.757097,31
`heroku local` command with ESET Cyber Security Pro,Environmental Management,12.563595,3.5406635,4.9322877,69
How to Create Multiple Environments with Vercel (Zeit Now) and Next.js?,Environmental Management,12.300058,4.037237,5.066827,69
Everything you need to know about Environment Variables in Vue.js,Environmental Management,12.497355,4.1430387,5.027251,69
Web development with Windows 10,Environmental Management,11.1280155,4.738504,5.8545647,69
Tiling window Management with i3,Environmental Management,11.131505,4.741837,5.8471375,69
Dockerize a react app with NGINX for multiple environments,Environmental Management,12.568258,4.063822,5.096957,69
direnv -- Take Control of your Development Environment,Python Virtual Environments,10.576543,2.454606,4.5430455,15
"My Opinion on the ""Blauer Engel"" for Software",AI Energy Consumption,9.126177,6.601741,5.4262342,21
Flask-Firebase app on Heroku not getting env vars,Environmental Management,12.578452,3.5933957,4.9477625,69
"Dipping my toes, starting with The Odin Project",Workplace dynamics,9.723818,5.0694666,5.772796,31
"Working with your running program, an interactive environment",Workplace dynamics,10.138434,4.9925685,5.5169067,31
Django Environment Variables,Python Virtual Environments,10.852584,2.5156643,4.3947763,15
Carbon-neutral coding: We've just partnered with Offset Earth,Software Sustainability,6.181003,5.684334,6.504669,61
"Sorry, but your cat or dog AI is damaging the world.",AI Energy Consumption,9.174358,7.0542917,5.064533,21
WSL 2.0: More of the good juice,Environmental Management,11.14346,4.7164583,5.8275986,69
Custom Developer Setups,Workplace dynamics,9.752743,5.3176355,5.5713763,31
Engineering Team Manifesto,Workplace dynamics,9.525933,5.357717,5.5957685,31
Protect your environment variables at all cost,Environmental Management,11.92891,4.2551556,5.3018117,69
My Development Environment 2018,Environmental Management,11.139609,4.5247335,5.434624,69
How to use dynamic environment variables in VueJS,Environmental Management,12.544387,4.0820475,5.0929394,69
Isolated DEV environments on docker (moving away from cloud9),Environmental Management,10.970029,4.4258685,5.251065,69
Tell us your experience about poisonous work environment and how you moved on.,Workplace dynamics,9.656847,5.346245,5.476057,31
üîÅ Stable vs unstable sorting,Workplace dynamics,10.100247,4.991422,5.520926,31
.env file in public folder is a security risk,Environmental Management,11.943944,4.2642565,5.300625,69
next.js multiple environment builds,Environmental Management,12.646253,3.9596663,5.0519648,69
Programming robs us of our spaces. Dynamicland could give them back.,Workplace dynamics,9.845099,5.4047756,5.6588316,31
Python default location,Python Virtual Environments,10.683838,2.4359071,4.458526,15
Experience for using Carbon Footprint App by Aossie,Software Sustainability,6.4982076,5.5333323,6.6533313,61
"Setting up a Minimal, Yet Useful JavaScript Dev Environment ",Environmental Management,12.6798935,3.9730659,5.014771,69
Climate Strike,Software Sustainability,6.4276648,5.76373,6.8830996,61
Applying and organizing environment variables in web services,Environmental Management,11.898156,4.342581,5.108378,69
An Air Quality Update,Energy Efficiency and Monitoring,8.951293,10.667074,3.7041798,19
"Help, I‚Äôve imported environment from environment.prod!",Environmental Management,12.578929,4.0987554,4.8565483,69
What's Up With That!?: SINATRA_ENV,Environmental Management,12.32166,3.9895382,5.0848646,69
Jedi PyPi error,Python Virtual Environments,10.68957,2.4322796,4.44836,15
Answer: Combining conda environment.yml with pip requirements.txt,Tech for Good,7.9460588,5.6818833,7.341694,11
PositiveAI using vibeApp for learning experiences,Workplace dynamics,9.613744,5.0371323,5.9213204,31
You are managing your code snippets wrong. Here‚Äôs how to stay ahead of 99% dev.,Environmental Management,10.580877,4.736471,5.4460487,69
Sustainable UX: Creating Efficient and Green Digital Experiences üå±üíª,Sustainable Web Design,7.752746,7.000001,8.451454,32
How is IoT Useful in Waste Management?,Smart City Innovations for Sustainable Resource Management,8.966261,9.817714,3.6523786,5
Sustainable Software Development: Building Eco-Friendly Solutions for a Greener Future,Software Sustainability,5.444157,6.2324405,7.2736096,61
The Environmental Impact of Tech: Navigating the Digital Carbon Footprint,Software Sustainability,7.3350353,6.4807515,6.375484,61
When AI Feels Too Real: The Perils and Power of Emotionally Intelligent Machines,AI Energy Consumption,9.299591,7.220267,4.90139,21
# Level Up Library Outreach: A Developer's Guide to Community Engagement Strategies,AI Energy Consumption,8.171934,5.5899806,6.831169,21
```,AI Energy Consumption,8.164581,5.591281,6.8289795,21
Beyond Code: Why I Build Apps with a Human Purpose,Workplace dynamics,9.613714,5.0430202,5.9592695,31
"One Platform, Two Entry Points ‚Äî Designing the Right Registration Flow",Workplace dynamics,9.615927,5.0620556,5.8568788,31
Designing ITConnect ‚Äî From a Student Idea to a Real Experience,Workplace dynamics,9.579509,5.1073527,5.8716555,31
I'm Tired of Toxic Social Media ‚Äî So I'm Building My Own Platform Focused on Belonging,Tech for Good,7.9761763,5.2664294,6.9312186,11
Smart Seas: How Tech is Transforming Aquaculture and Fisheries in 2025,Sustainable Agriculture and Food Technology,8.533263,9.5164585,3.217679,9
AI's Human Horizon,AI Energy Consumption,9.184087,7.064161,5.0610886,21
Designing for Diversity: Inspiration from Microsoft‚Äôs Inclusive-tech-lab,AI Energy Consumption,9.071223,6.3670416,5.6380897,21
"Yoo Devs, Where‚Äôs Your Old Laptop?",Workplace dynamics,7.6205177,6.236307,6.4932346,31
"üö® AI customer service assistant to help teams in ""state of emergency"" times",AI Energy Consumption,9.297914,7.2765455,4.8596783,21
üî• Full Stack Opportunity - TypeScript/React - ¬£90k - Are you hungry for something new?,Workplace dynamics,9.082577,5.0025964,6.2050133,31
Full-stack dev wanted,Workplace dynamics,9.109439,5.0067506,6.1859517,31
The Three Reasons For Getting Into Tech,Open Source Funding,13.309554,3.5535128,10.569813,46
OpenEEW a Call for Code Open Source Project ,Early Earthquake Warning Systems,6.1363416,6.401558,5.986648,8
"Hack Hate presentations, prizes, and a magical performance!",Tech for Good,7.9975557,5.405672,7.094373,11
We're running Hack Hate - a hackathon against hate crime. Here's why!,Tech for Good,7.9778857,5.4110365,7.095441,11
Participate in Local Issues with a SMS Chatbot,AI Energy Consumption,9.302483,7.3126554,4.828224,21
Getting started with #techforgood ‚Äì what I‚Äôve found so far,Tech for Good,7.966191,5.2606397,6.8910327,11
NYC Technologists Ring the Bells That Still Can Ring,Tech for Good,7.956776,5.4472566,7.1006317,11
Notes from the Tech for Good√Ç Meetup,Tech for Good,7.9568486,5.3363075,7.0046244,11
